<?xml version="1.0" encoding="UTF-8"?><?xml-stylesheet type='text/xsl' href='_UpgradeReport_Files/UpgradeReport.xslt'?><UpgradeLog>
<Properties><Property Name="Solution" Value="ITM_IVF_DLL">
</Property><Property Name="Solution File" Value="C:\ITM\engine\trunk\itm\IVF\ITM_IVF_DLL.sln">
</Property><Property Name="Date" Value="Wednesday, May 29, 2013">
</Property><Property Name="Time" Value="0:15 AM">
</Property></Properties><Event ErrorLevel="0" Project="ITM_IVC_SWMM_LIB" Source="ITM_IVC_SWMM_LIB.vcproj" Description="Converting project file 'C:\ITM\engine\trunk\itm\IVF\ITM_IVC_SWMM_LIB.vcproj'.">
</Event><Event ErrorLevel="1" Project="ITM_IVC_SWMM_LIB" Source="ITM_IVC_SWMM_LIB.vcproj" Description="VCWebServiceProxyGeneratorTool is no longer supported. The tool has been removed from your project settings.">
</Event><Event ErrorLevel="1" Project="ITM_IVC_SWMM_LIB" Source="ITM_IVC_SWMM_LIB.vcproj" Description="Attribute 'Detect64BitPortabilityProblems' of 'VCCLCompilerTool' is not supported in this version and has been removed during conversion.">
</Event><Event ErrorLevel="1" Project="ITM_IVC_SWMM_LIB" Source="ITM_IVC_SWMM_LIB.vcproj" Description="Attribute 'Detect64BitPortabilityProblems' of 'VCCLCompilerTool' is not supported in this version and has been removed during conversion.">
</Event><Event ErrorLevel="0" Project="ITM_IVC_SWMM_LIB" Source="ITM_IVC_SWMM_LIB.vcproj" Description="Done converting to new project file 'C:\ITM\engine\trunk\itm\IVF\ITM_IVC_SWMM_LIB.vcxproj'.">
</Event><Event ErrorLevel="3" Project="ITM_IVC_SWMM_LIB" Source="ITM_IVC_SWMM_LIB.vcproj" Description="Converted">
</Event><Event ErrorLevel="0" Project="" Source="ITM_IVF_DLL.sln" Description="Solution converted successfully">
</Event><Event ErrorLevel="3" Project="" Source="ITM_IVF_DLL.sln" Description="Converted">
</Event></UpgradeLog>