<?xml version="1.0" encoding="utf-8" ?>
<maps>
    <collection_map name="asdp.ms_observations">
        <item name="ARG_2_MOD"
            thread1="OBS_BAD_MOD_PRIMARY"
            thread2="OBS_FUNC_CALL_SECONDARY" />
        <item name="ARG_2_MOD_ACT"
            thread1="OBS_BAD_MOD_PRIMARY"
            thread2="OBS_FUNC_CALL_SECONDARY" />
        <item name="ARG_EL_SIZE"
            thread1="OBS_FUNC_CALL_PRIMARY"
            thread2="OBS_DEF_SECONDARY" />
        <item name="ARG_EL_SIZE_ACT"
            thread1="OBS_FUNC_CALL_PRIMARY"
            thread2="OBS_FUNC_CALL_SECONDARY"
            thread3="OBS_DEF_SECONDARY" />
        <item name="ARG_INTENT_IN"
            thread1="OBS_DEF_SECONDARY"
            thread2="OBS_BAD_MOD_PRIMARY" />
        <item name="ARG_INTENT_OUT"
            thread1="OBS_UNINIT_READ_PRIMARY" />
        <item name="ARG_INTENT_OUT_PSBL"
            thread1="OBS_UNINIT_READ_PRIMARY" />
        <item name="ARG_MOD"
            thread1="OBS_FUNC_CALL_PRIMARY"
            thread2="OBS_MOD_SECONDARY" />
        <item name="ARG_MOD_ACT"
            thread1="OBS_FUNC_CALL_PRIMARY"
            thread2="OBS_MOD_SECONDARY"
            thread3="OBS_FUNC_CALL_SECONDARY" />
        <item name="ARG_MOD_ACT_PSBL"
            thread1="OBS_FUNC_CALL_PRIMARY"
            thread2="OBS_MOD_SECONDARY"
            thread3="OBS_FUNC_CALL_SECONDARY" />
        <item name="ARG_MOD_PSBL"
            thread1="OBS_FUNC_CALL_PRIMARY"
            thread2="OBS_MOD_SECONDARY" />
        <item name="ARG_NUMBER"
            thread1="OBS_FUNC_CALL_PRIMARY"
            thread2="OBS_DEF_SECONDARY" />
        <item name="ARG_NUMBER_ACT"
            thread1="OBS_FUNC_CALL_PRIMARY"
            thread2="OBS_FUNC_CALL_SECONDARY"
            thread3="OBS_DEF_SECONDARY" />
        <item name="ARG_OPT_NOT_LAST"
            thread1="OBS_DEF_PRIMARY" />
        <item name="ARG_OPT_NOT_OPT"
            thread1="OBS_DEF_PRIMARY" />
        <item name="ARG_OPT_NOT_OPT_ACT"
            thread1="OBS_DEF_PRIMARY"
            thread2="OBS_FUNC_CALL_SECONDARY" />
        <item name="ARG_OPT_NO_CHECK"
            thread1="OBS_BAD_USE_PRIMARY" />
        <item name="ARG_RANK"
            thread1="OBS_FUNC_CALL_PRIMARY"
            thread2="OBS_DEF_SECONDARY" />
        <item name="ARG_RANK_ACT"
            thread1="OBS_FUNC_CALL_PRIMARY"
            thread2="OBS_FUNC_CALL_SECONDARY"
            thread3="OBS_DEF_SECONDARY" />
        <item name="ARG_SHAPE"
            thread1="OBS_FUNC_CALL_PRIMARY"
            thread2="OBS_DEF_SECONDARY" />
        <item name="ARG_SHAPE_ACT"
            thread1="OBS_FUNC_CALL_PRIMARY"
            thread2="OBS_FUNC_CALL_SECONDARY"
            thread3="OBS_DEF_SECONDARY" />
        <item name="ARG_SIZE"
            thread1="OBS_FUNC_CALL_PRIMARY"
            thread2="OBS_DEF_SECONDARY" />
        <item name="ARG_SIZE_ACT"
            thread1="OBS_FUNC_CALL_PRIMARY"
            thread2="OBS_FUNC_CALL_SECONDARY"
            thread3="OBS_DEF_SECONDARY" />
        <item name="ARG_SIZE_GT"
            thread1="OBS_FUNC_CALL_PRIMARY"
            thread2="OBS_DEF_SECONDARY" />
        <item name="ARG_SIZE_GT_ACT"
            thread1="OBS_FUNC_CALL_PRIMARY"
            thread2="OBS_FUNC_CALL_SECONDARY"
            thread3="OBS_DEF_SECONDARY" />
        <item name="ARG_TYPE_PTR"
            thread1="OBS_FUNC_CALL_PRIMARY" />
        <item name="ARG_TYPE_PTR_TO"
            thread1="OBS_FUNC_CALL_PRIMARY" />
        <item name="ARG_VALUE"
            thread1="OBS_FUNC_CALL_PRIMARY" />
        <item name="ARG_VALUE_PSBL"
            thread1="OBS_FUNC_CALL_PRIMARY" />
        <item name="ARG_WRONG"
            thread1="OBS_FUNC_CALL_PRIMARY"
            thread2="OBS_DEF_SECONDARY" />
        <item name="ARG_WRONG_ACT"
            thread1="OBS_FUNC_CALL_PRIMARY"
            thread2="OBS_FUNC_CALL_SECONDARY"
            thread3="OBS_DEF_SECONDARY" />
        <item name="ARG_WRONG_ACT_INTR"
            thread1="OBS_FUNC_CALL_PRIMARY"
            thread2="OBS_FUNC_CALL_SECONDARY" />
        <item name="BOUND"
            thread1="OBS_BUFF_OVERFLOW_PRIMARY" />
        <item name="BOUND_PSBL"
            thread1="OBS_BUFF_OVERFLOW_PRIMARY" />
        <item name="ZERO_TERMINATE"
            thread1="OBS_FUNC_CALL_SECONDARY"
            thread2="OBS_DECL_PRIMARY" />
        <item name="DEALLOC"
            thread1="OBS_MEM_FREE_PRIMARY" />
        <item name="DEALLOC_PSBL"
            thread1="OBS_MEM_FREE_PRIMARY" />
        <item name="DIV_0"
            thread1="OBS_DIV_ZERO_PRIMARY" />
        <item name="DIV_0_PSBL"
            thread1="OBS_DIV_ZERO_PRIMARY" />
        <item name="DO_VAR"
            thread1="OBS_FUNC_CALL_PRIMARY"
            thread2="OBS_MOD_SECONDARY" />
        <item name="FORMAT_MISMATCH_TOO_FEW_ARGS"
            thread1="OBS_FMT_MISMATCH_PRIMARY" />
        <item name="FORMAT_MISMATCH_TOO_MANY_ARGS"
            thread1="OBS_FMT_MISMATCH_PRIMARY" />
        <item name="FORMAT_FLAGS"
            thread1="OBS_FMT_MISMATCH_PRIMARY" />
        <item name="FORMAT_MISMATCH"
            thread1="OBS_FMT_MISMATCH_PRIMARY" />
        <item name="FORMAT_SPECIF"
            thread1="OBS_FMT_MISMATCH_PRIMARY" />
        <item name="FORMAT_TYPE"
            thread1="OBS_FMT_MISMATCH_PRIMARY" />
        <item name="FORMAT_TYPE_W_P"
            thread1="OBS_FMT_MISMATCH_PRIMARY" />
        <item name="FUN_NO_RES"
            thread1="OBS_DEF_PRIMARY" />
        <item name="FUN_NO_RES_PSBL"
            thread1="OBS_DEF_PRIMARY" />
        <item name="FUN_NOT_RET_VALUE"
            thread1="OBS_DEF_PRIMARY" />
        <item name="FUN_TYPE"
            thread1="OBS_FUNC_CALL_SECONDARY"
            thread2="OBS_DEF_PRIMARY" />
        <item name="FUN_TYPE_ACT"
            thread1="OBS_DEF_PRIMARY"
            thread2="OBS_FUNC_CALL_SECONDARY"
            thread3="OBS_DEF_SECONDARY" />
        <item name="GETS_WARN"
            thread1="OBS_FUNC_CALL_PRIMARY" />
        <item name="INFINITE_LOOP"
            thread1="OBS_INFINITE_LOOP_PRIMARY" />
        <item name="INTERFACE_MSG"
            thread1="OBS_DEF_PRIMARY" />
        <item name="INTERFACE_ACT"
            thread1="OBS_DEF_PRIMARY"
            thread2="OBS_FUNC_CALL_SECONDARY" />
        <item name="INTRINSIC_DECL"
            thread1="OBS_FUNC_CALL_PRIMARY" />
        <item name="LINK_ERR_TYPE_VAR"
            thread1="OBS_DEF_PRIMARY"
            thread2="OBS_DEF_SECONDARY" />
        <item name="LINK_ERR_TYPE_REC"
            thread1="OBS_DEF_PRIMARY"
            thread2="OBS_DEF_SECONDARY" />
        <item name="LINK_ERR_TYPE_FIELD"
            thread1="OBS_DEF_PRIMARY"
            thread2="OBS_DEF_SECONDARY" />
        <item name="LINK_ERR_TYPE_ARRAY"
            thread1="OBS_DEF_PRIMARY"
            thread2="OBS_DEF_SECONDARY" />
        <item name="LINK_ERR_TYPE_ENUM"
            thread1="OBS_DEF_PRIMARY"
            thread2="OBS_DEF_SECONDARY" />
        <item name="LINK_ERR_TYPE_POINTER"
            thread1="OBS_DEF_PRIMARY"
            thread2="OBS_DEF_SECONDARY" />
        <item name="LINK_ERR_SIZE_VAR"
            thread1="OBS_DEF_PRIMARY"
            thread2="OBS_DEF_SECONDARY" />
        <item name="LINK_ERR_SIZE_REC"
            thread1="OBS_DEF_PRIMARY"
            thread2="OBS_DEF_SECONDARY" />
        <item name="LINK_ERR_SIZE_FIELD"
            thread1="OBS_DEF_PRIMARY"
            thread2="OBS_DEF_SECONDARY" />
        <item name="LINK_ERR_SIZE_ENUM"
            thread1="OBS_DEF_PRIMARY"
            thread2="OBS_DEF_SECONDARY" />
        <item name="LINK_ERR_SIZE_POINTER"
            thread1="OBS_DEF_PRIMARY"
            thread2="OBS_DEF_SECONDARY" />
        <item name="LINK_ERR_SIZE_POINTEE"
            thread1="OBS_DEF_PRIMARY"
            thread2="OBS_DEF_SECONDARY" />
        <item name="LINK_ERR_COUNT_ARRAY"
            thread1="OBS_DEF_PRIMARY"
            thread2="OBS_DEF_SECONDARY" />
        <item name="LINK_ERR_SIZE_ARRAY"
            thread1="OBS_DEF_PRIMARY"
            thread2="OBS_DEF_SECONDARY" />
        <item name="LINK_ERR_SIZE_ARR_ELT"
            thread1="OBS_DEF_PRIMARY"
            thread2="OBS_DEF_SECONDARY" />
        <item name="LINK_ERR_COUNT_ENUM"
            thread1="OBS_DEF_PRIMARY"
            thread2="OBS_DEF_SECONDARY" />
        <item name="LINK_ERR_TAG"
            thread1="OBS_DEF_PRIMARY"
            thread2="OBS_DEF_SECONDARY" />
        <item name="LINK_ERR_TAG_ENUM"
            thread1="OBS_DEF_PRIMARY"
            thread2="OBS_DEF_SECONDARY" />
        <item name="LINK_ERR_ELEMENT_NAME"
            thread1="OBS_DEF_PRIMARY"
            thread2="OBS_DEF_SECONDARY" />
        <item name="LINK_ERR_VAL_ENUM"
            thread1="OBS_DEF_PRIMARY"
            thread2="OBS_DEF_SECONDARY" />
        <item name="LINK_ERR_FIELD_NAME"
            thread1="OBS_DEF_PRIMARY"
            thread2="OBS_DEF_SECONDARY" />
        <item name="LINK_ERR_FIELD_OFFSET"
            thread1="OBS_DEF_PRIMARY"
            thread2="OBS_DEF_SECONDARY" />
        <item name="LINK_ERR_FIELD_NUMBER"
            thread1="OBS_DEF_PRIMARY"
            thread2="OBS_DEF_SECONDARY" />
        <item name="LINK_WARN_COMMON_ONE"
            thread1="OBS_DEF_PRIMARY" />
        <item name="LINK_ERR_QUAL"
            thread1="OBS_DEF_PRIMARY"
            thread2="OBS_DEF_SECONDARY" />
        <item name="MEM_LEAK"
            thread1="OBS_MEM_LEAK_PRIMARY"
            thread2="OBS_MEM_ALLOC_SECONDARY" />
        <item name="NEG_DIM"
            thread1="OBS_DEF_PRIMARY" />
        <item name="NEG_DIM_PSBL"
            thread1="OBS_DEF_PRIMARY" />
        <item name="NO_ALLOC"
            thread1="OBS_UNINIT_READ_PRIMARY" />
        <item name="NO_ALLOC_AF_DE"
            thread1="OBS_BAD_USE_PRIMARY" />
        <item name="NO_ALLOC_AF_DE_PSBL"
            thread1="OBS_BAD_USE_PRIMARY" />
        <item name="NO_ALLOC_PSBL"
            thread1="OBS_UNINIT_READ_PRIMARY" />
        <item name="NO_CALL"
            thread1="OBS_DEF_PRIMARY" />
        <item name="NO_PROC"
            thread1="OBS_FUNC_CALL_PRIMARY" />
        <item name="NOT_ENOUGH_MEM"
            thread1="OBS_MEM_ALLOC_PRIMARY" />
        <item name="NOT_ENOUGH_MEM_PSBL"
            thread1="OBS_MEM_ALLOC_PRIMARY" />
        <item name="NOT_FUN"
            thread1="OBS_FUNC_CALL_PRIMARY" />
        <item name="NOT_FUN_ACT"
            thread1="OBS_FUNC_CALL_PRIMARY"
            thread2="OBS_FUNC_CALL_SECONDARY" />
        <item name="NOT_FUN_FORWARD"
            thread1="OBS_FUNC_CALL_PRIMARY" />
        <item name="NOT_SET"
            thread1="OBS_UNINIT_READ_PRIMARY" />
        <item name="NOT_SET_PSBL"
            thread1="OBS_UNINIT_READ_PRIMARY" />
        <item name="NOT_SUB"
            thread1="OBS_FUNC_CALL_PRIMARY" />
        <item name="NOT_SUB_ACT"
            thread1="OBS_FUNC_CALL_PRIMARY"
            thread2="OBS_FUNC_CALL_SECONDARY" />
        <item name="NOT_FUN_INTR_ACT"
            thread1="OBS_FUNC_CALL_PRIMARY"
            thread2="OBS_FUNC_CALL_SECONDARY" />
        <item name="NOT_SUB_INTR_ACT"
            thread1="OBS_FUNC_CALL_PRIMARY"
            thread2="OBS_FUNC_CALL_SECONDARY" />
        <item name="OMP_CHUNK_SIDE_EFF"
            thread1="OBS_OMP_VIOLATION_PRIMARY" />
        <item name="OMP_IF_SIDE_EFF"
            thread1="OBS_OMP_VIOLATION_PRIMARY" />
        <item name="OMP_IO_STATS"
            thread1="OBS_FUNC_CALL_PRIMARY" />
        <item name="OMP_NUM_THR_SIDE_EFF"
            thread1="OBS_OMP_VIOLATION_PRIMARY" />
        <item name="OMP_REDUCTION_MODIFIED"
            thread1="OBS_BAD_OPER_PRIMARY"
            thread2="OBS_OMP_DIR_DECL_SECONDARY" />
        <item name="OMP_PRIVATE_MODIFIED"
            thread1="OBS_BAD_MOD_SECONDARY"
            thread2="OBS_OMP_DIR_DECL_PRIMARY" />
        <item name="OMP_REDUCTION_OPER"
            thread1="OBS_BAD_OPER_PRIMARY" />
        <item name="SMALL_OBJ_2_PSBL"
            thread1="OBS_BUFF_OVERFLOW_PRIMARY" />
        <item name="OMP_THREADPRIVATE"
            thread1="OBS_DEF_PRIMARY" />
        <item name="POINTER_ZERO"
            thread1="OBS_NULL_DEREF_SECONDARY"
            thread2="OBS_MOD_PRIMARY" />
        <item name="POINTER_ZERO_PSBL"
            thread1="OBS_NULL_DEREF_SECONDARY"
            thread2="OBS_MOD_PRIMARY" />
        <item name="PROC_NO_RET"
            thread1="OBS_DEF_PRIMARY" />
        <item name="SET_2"
            thread1="OBS_MOD_PRIMARY" />
        <item name="UNREACH_STMT"
            thread1="OBS_UNREACH_PRIMARY" />
        <item name="OMP_GLOBAL_NESTING"
            thread1="OBS_OMP_VIOLATION_SECONDARY"
            thread2="OBS_OMP_DIR_DECL_PRIMARY" />
        <item name="OMP_CRITICAL_NESTING"
            thread1="OBS_OMP_VIOLATION_SECONDARY"
            thread2="OBS_OMP_DIR_DECL_PRIMARY" />
        <item name="OMP_MISSED_ORDERED_CLAUSE"
            thread1="OBS_OMP_VIOLATION_SECONDARY"
            thread2="OBS_OMP_DIR_DECL_PRIMARY" />
        <item name="OMP_MISSED_ORDERED_SECTION"
            thread1="OBS_OMP_VIOLATION_PRIMARY" />
        <item name="OMP_MANY_ORDERED"
            thread1="OBS_OMP_VIOLATION_PRIMARY"
            thread2="OBS_OMP_DIR_DECL_SECONDARY"
            thread3="OBS_OMP_DIR_DECL_SECONDARY" />
        <item name="LINK_ERR_SIZE_STRING"
            thread1="OBS_DEF_PRIMARY"
            thread2="OBS_DEF_SECONDARY" />
        <item name="OMP_MUST_BE_SHARED"
            thread1="OBS_OMP_VIOLATION_PRIMARY" />
        <item name="OMP_MUST_BE_SHARED2"
            thread1="OBS_OMP_VIOLATION_PRIMARY"
            thread2="OBS_DEF_SECONDARY" />
        <item name="OMP_MUST_BE_PRIVATE"
            thread1="OBS_OMP_VIOLATION_PRIMARY" />
        <item name="OMP_MUST_BE_PRIVATE2"
            thread1="OBS_OMP_VIOLATION_PRIMARY"
            thread2="OBS_DEF_SECONDARY" />
        <item name="OMP_REDUCTION_PRIVATE"
            thread1="OBS_OMP_VIOLATION_PRIMARY"
            thread2="OBS_DEF_SECONDARY" />
        <item name="OMP_FIRSTPRIVATE_REFERENCE"
            thread1="OBS_OMP_VIOLATION_PRIMARY" />
        <item name="OMP_MUST_BE_THREADPRIVATE"
            thread1="OBS_OMP_VIOLATION_PRIMARY" />
        <item name="CPP_OPERATOR_CHANGES_SEMANTICS"
            thread1="OBS_DEF_PRIMARY" />
        <item name="CPP_NON_VIRTUAL_PUBLIC_DTOR"
            thread1="OBS_DEF_PRIMARY" />
        <item name="OMP_REDUCTION_EXPRESSION"
            thread1="OBS_BAD_OPER_PRIMARY" />
        <item name="BIG_PARAMETER"
            thread1="OBS_DEF_PRIMARY" />
        <item name="OMP_NOWAIT_REDUCTION"
            thread1="OBS_BAD_USE_PRIMARY"
            thread2="OBS_OMP_DIR_DECL_SECONDARY" />
        <item name="OMP_NOWAIT_LASTPRIVATE"
            thread1="OBS_BAD_USE_PRIMARY"
            thread2="OBS_OMP_DIR_DECL_SECONDARY" />
        <item name="CPP_SLICING_NAME"
            thread1="OBS_FUNC_CALL_PRIMARY" />
        <item name="CPP_NON_EXPLICIT_CTOR"
            thread1="OBS_DEF_PRIMARY" />
        <item name="SMALL_OBJ"
            thread1="OBS_BUFF_OVERFLOW_PRIMARY" />
        <item name="SMALL_OBJ_PSBL"
            thread1="OBS_BUFF_OVERFLOW_PRIMARY" />
        <item name="SMALL_OBJ_2"
            thread1="OBS_BUFF_OVERFLOW_PRIMARY" />
        <item name="CPP_UNCAUGHT_EX"
            thread1="OBS_EX_THROW_PRIMARY" />
        <item name="CPP_UNCAUGHT_EX_IN_DTOR"
            thread1="OBS_EX_THROW_PRIMARY"
            thread2="OBS_DEF_SECONDARY" />
        <item name="OMP_UNCAUGHT_EX_IN_PARALLEL"
            thread1="OBS_EX_THROW_PRIMARY"
            thread2="OBS_OMP_DIR_DECL_SECONDARY" />
        <item name="OMP_UNCAUGHT_EX_IN_THREAD"
            thread1="OBS_EX_THROW_PRIMARY"
            thread2="OBS_OMP_DIR_DECL_SECONDARY" />
        <item name="CPP_NONPROPER_SIGNATURE"
            thread1="OBS_DEF_PRIMARY" />
        <item name="OMP_UNCAUGHT_EX_IN_TASK"
            thread1="OBS_EX_THROW_PRIMARY"
            thread2="OBS_OMP_DIR_DECL_SECONDARY" />
        <item name="OMP_NLE_IN_PARALLEL"
            thread1="OBS_FUNC_CALL_PRIMARY"
            thread2="OBS_OMP_DIR_DECL_SECONDARY" />
        <item name="OMP_NLE_IN_THREAD"
            thread1="OBS_FUNC_CALL_PRIMARY"
            thread2="OBS_OMP_DIR_DECL_SECONDARY" />
        <item name="CPP_NLE_CALLED"
            thread1="OBS_FUNC_CALL_PRIMARY" />
        <item name="CPP_RELATED_OPERATOR_NOT_DEFINED"
            thread1="OBS_DEF_PRIMARY" />
        <item name="CPP_GLOBAL_RELATED_OPERATOR_NOT_DEFINED"
            thread1="OBS_DEF_PRIMARY" />
        <item name="CPP_EX_SPEC_UNSAFE"
            thread1="OBS_DEF_PRIMARY" />
        <item name="MEM_NOT_SET"
            thread1="OBS_UNINIT_READ_PRIMARY" />
        <item name="MEM_NOT_SET_PSBL"
            thread1="OBS_UNINIT_READ_PRIMARY" />
        <item name="OMP_FLOW_DEPENDENCE"
            thread1="OBS_BAD_USE_SECONDARY"
            thread2="OBS_BAD_USE_PRIMARY" />
        <item name="OMP_ANTI_DEPENDENCE"
            thread1="OBS_BAD_USE_SECONDARY"
            thread2="OBS_BAD_USE_PRIMARY" />
        <item name="OMP_OUTPUT_DEPENDENCE"
            thread1="OBS_BAD_USE_SECONDARY"
            thread2="OBS_BAD_USE_PRIMARY" />
        <item name="OMP_POSSIBLE_DEPENDENCE"
            thread1="OBS_BAD_USE_SECONDARY"
            thread2="OBS_BAD_USE_PRIMARY" />
        <item name="INTRINSIC_TYPE"
            thread1="OBS_FUNC_CALL_PRIMARY" />
        <item name="ARG_NUMBER_ACT_INTR"
            thread1="OBS_FUNC_CALL_PRIMARY"
            thread2="OBS_FUNC_CALL_SECONDARY" />
        <item name="BOUND_ACT"
            thread1="OBS_BUFF_OVERFLOW_PRIMARY"
            thread2="OBS_FUNC_CALL_SECONDARY" />
        <item name="BOUND_ACT_PSBL"
            thread1="OBS_BUFF_OVERFLOW_PRIMARY"
            thread2="OBS_FUNC_CALL_SECONDARY" />
        <item name="ARG_VALUE_ACT"
            thread1="OBS_FUNC_CALL_PRIMARY"
            thread2="OBS_FUNC_CALL_SECONDARY" />
        <item name="ARG_VALUE_ACT_PSBL"
            thread1="OBS_FUNC_CALL_PRIMARY"
            thread2="OBS_FUNC_CALL_SECONDARY" />
        <item name="CPP_EX_ABORTED_BY_SPEC"
            thread1="OBS_EX_THROW_PRIMARY"
            thread2="OBS_DEF_SECONDARY" />
        <item name="CPP_EX_FROM_DELETE"
            thread1="OBS_EX_THROW_PRIMARY"
            thread2="OBS_DEF_SECONDARY" />
        <item name="CPP_VIRTUAL_WITHOUT_DTOR"
            thread1="OBS_DEF_PRIMARY" />
        <item name="CPP_EX_SPEC_DTOR"
            thread1="OBS_DEF_PRIMARY" />
        <item name="CPP_UNKNOWN_NEW"
            thread1="OBS_DEF_PRIMARY" />
        <item name="CPP_PLACING_NEW_ACCESS"
            thread1="OBS_DEF_PRIMARY" />
        <item name="CPP_VIRTUAL_WITHOUT_SUCCESSORS_AND_ANCESTORS"
            thread1="OBS_DEF_PRIMARY" />
        <item name="CPP_NONPOD_WITH_PUBLIC_DATA"
            thread1="OBS_DEF_PRIMARY" />
        <item name="CPP_GLOBAL_NEW_DELETE"
            thread1="OBS_DEF_PRIMARY" />
        <item name="CPP_GLOBAL_CTOR_EX"
            thread1="OBS_EX_THROW_PRIMARY"
            thread2="OBS_DEF_SECONDARY" />
        <item name="CPP_GLOBAL_DTOR_EX"
            thread1="OBS_EX_THROW_PRIMARY"
            thread2="OBS_DEF_SECONDARY" />
        <item name="OMP_WORKSHARING_CONSTRUCT_NOT_ENCLOSED"
            thread1="OBS_OMP_VIOLATION_PRIMARY" />
        <item name="OMP_WORKSHARING_CONSTRUCT_NOT_ENCLOSED_AT_ALL"
            thread1="OBS_OMP_VIOLATION_PRIMARY" />
        <item name="OMP_LOOP_VAR_THREADPRIVATE"
            thread1="OBS_OMP_DIR_DECL_PRIMARY" />
        <item name="ARG_WRONG_INTR"
            thread1="OBS_FUNC_CALL_PRIMARY" />
        <item name="OMP_REDUCTION_MOD"
            thread1="OBS_BAD_MOD_PRIMARY" />
        <item name="OMP_SEQUENTIAL_PARALLEL"
            thread1="OBS_USE_PRIMARY" />
        <item name="OMP_SEQUENTIAL_PARALLEL_EX"
            thread1="OBS_USE_PRIMARY"
            thread2="OBS_OMP_DIR_DECL_SECONDARY" />
        <item name="MEM_LEAK_PSBL"
            thread1="OBS_MEM_LEAK_PRIMARY"
            thread2="OBS_MEM_ALLOC_SECONDARY" />
        <item name="WRONG_FREE"
            thread1="OBS_MEM_FREE_PRIMARY" />
        <item name="OMP_THREADPRIVATE_DECL"
            thread1="OBS_DEF_PRIMARY" />
        <item name="FREE_2"
            thread1="OBS_MEM_FREE_SECONDARY"
            thread2="OBS_MEM_FREE_PRIMARY" />
        <item name="FREE_2_PSBL"
            thread1="OBS_MEM_FREE_SECONDARY"
            thread2="OBS_MEM_FREE_PRIMARY" />
        <item name="CLASHED_NAME"
            thread1="OBS_DEF_PRIMARY" />
        <item name="INT_OVERFLOW"
            thread1="OBS_INT_OVERFLOW_PRIMARY" />
        <item name="INT_UNDERFLOW"
            thread1="OBS_INT_UNDERFLOW_PRIMARY" />
        <item name="DEFAULT_SET"
            thread1="OBS_USE_PRIMARY" />
        <item name="STRCPY_ERR"
            thread1="OBS_BUFF_OVERFLOW_PRIMARY" />
        <item name="TAINTED_INDEX"
            thread1="OBS_USE_SECONDARY"
            thread2="OBS_FUNC_CALL_PRIMARY" />
        <item name="TAINTED_LOOP_BOUND"
            thread1="OBS_USE_SECONDARY"
            thread2="OBS_FUNC_CALL_PRIMARY" />
        <item name="TAINTED_MALLOC_SIZE"
            thread1="OBS_FUNC_CALL_SECONDARY"
            thread2="OBS_FUNC_CALL_PRIMARY" />
        <item name="FUNC_RES_IGNORED"
            thread1="OBS_FUNC_CALL_PRIMARY" />
        <item name="FUNC_RES_IGNORED_ACT"
            thread1="OBS_FUNC_CALL_PRIMARY"
            thread2="OBS_FUNC_CALL_SECONDARY" />
        <item name="ARG_NUMBER_INTR"
            thread1="OBS_FUNC_CALL_PRIMARY" />
        <item name="CPP_VIRTUAL_CALL_IN_CTOR"
            thread1="OBS_FUNC_CALL_SECONDARY"
            thread2="OBS_DEF_PRIMARY" />
        <item name="CPP_VIRTUAL_CALL_IN_DTOR"
            thread1="OBS_FUNC_CALL_SECONDARY"
            thread2="OBS_DEF_PRIMARY" />
        <item name="CPP_PURE_VIRTUAL_CALL_IN_CTOR"
            thread1="OBS_FUNC_CALL_PRIMARY"
            thread2="OBS_DEF_SECONDARY" />
        <item name="CPP_PURE_VIRTUAL_CALL_IN_DTOR"
            thread1="OBS_FUNC_CALL_PRIMARY"
            thread2="OBS_DEF_SECONDARY" />
        <item name="INPUT_NO_WIDTH"
            thread1="OBS_FMT_MISMATCH_PRIMARY" />
        <item name="INTRIN_SYSTEM"
            thread1="OBS_FUNC_CALL_PRIMARY" />
        <item name="OMP_CALL_IN_REGION"
            thread1="OBS_FUNC_CALL_PRIMARY"
            thread2="OBS_OMP_DIR_DECL_SECONDARY" />
        <item name="POINTER_WRONG"
            thread1="OBS_BAD_DEREF_PRIMARY"
            thread2="OBS_MOD_SECONDARY" />
        <item name="POINTER_WRONG_PSBL"
            thread1="OBS_BAD_DEREF_PRIMARY"
            thread2="OBS_MOD_SECONDARY" />
        <item name="CONV_INT_PTR"
            thread1="OBS_TYPE_CONV_PRIMARY" />
        <item name="WRONG_FREE_PSBL"
            thread1="OBS_MEM_FREE_PRIMARY" />
        <item name="INVARIANT_LOOP_COND"
            thread1="OBS_USE_PRIMARY" />
        <item name="LINK_REDEFINED_ROUTINE"
            thread1="OBS_DEF_PRIMARY"
            thread2="OBS_DEF_SECONDARY" />
        <item name="OMP_THREADPRIVATE_DIFF_INIT"
            thread1="OBS_BAD_USE_SECONDARY"
            thread2="OBS_OMP_VIOLATION_PRIMARY"
            thread3="OBS_OMP_VIOLATION_SECONDARY" />
        <item name="OMP_THREADPRIVATE_DIFF_FINAL"
            thread1="OBS_BAD_USE_SECONDARY"
            thread2="OBS_OMP_VIOLATION_PRIMARY"
            thread3="OBS_OMP_VIOLATION_SECONDARY" />
        <item name="OMP_THREADPRIVATE_DIFF_SCHEDULE"
            thread1="OBS_BAD_USE_SECONDARY"
            thread2="OBS_OMP_VIOLATION_PRIMARY"
            thread3="OBS_OMP_VIOLATION_SECONDARY" />
        <item name="OMP_THREADPRIVATE_DIFF_CHUNK"
            thread1="OBS_BAD_USE_SECONDARY"
            thread2="OBS_OMP_VIOLATION_PRIMARY"
            thread3="OBS_OMP_VIOLATION_SECONDARY" />
        <item name="OMP_THREADPRIVATE_DIFF_THR_NUM"
            thread1="OBS_BAD_USE_SECONDARY"
            thread2="OBS_OMP_VIOLATION_PRIMARY"
            thread3="OBS_OMP_VIOLATION_SECONDARY" />
        <item name="OMP_THREADPRIVATE_DIFF_INDEX"
            thread1="OBS_BAD_USE_SECONDARY"
            thread2="OBS_OMP_DIR_DECL_PRIMARY" />
        <item name="OMP_THREADPRIVATE_NEED_COPY_IN"
            thread1="OBS_OMP_VIOLATION_PRIMARY"
            thread2="OBS_MOD_SECONDARY"
            thread3="OBS_OMP_DIR_DECL_SECONDARY" />
        <item name="OMP_THREADPRIVATE_USE_OUTSIDE"
            thread1="OBS_BAD_USE_PRIMARY"
            thread2="OBS_MOD_SECONDARY" />
        <item name="OMP_THREADPRIVATE_INCORR_COPY_IN"
            thread1="OBS_OMP_VIOLATION_PRIMARY" />
        <item name="OMP_WRONG_TYPE_ATOMIC_VAR"
            thread1="OBS_OMP_VIOLATION_SECONDARY"
            thread2="OBS_OMP_VIOLATION_PRIMARY" />
        <item name="OMP_CHUNK_SIZE_NOT_LOOP_INVARIANT"
            thread1="OBS_OMP_DIR_DECL_PRIMARY"
            thread2="OBS_MOD_SECONDARY" />
        <item name="OMP_COPYPRIVATE_NEEDED"
            thread1="OBS_MOD_PRIMARY"
            thread2="OBS_OMP_DIR_DECL_SECONDARY" />
        <item name="OMP_REDUCTION_USE"
            thread1="OBS_BAD_OPER_PRIMARY" />
        <item name="OMP_PRIVATE_DEFINITION"
            thread1="OBS_USE_SECONDARY"
            thread2="OBS_BAD_MOD_PRIMARY"
            thread3="OBS_OMP_DIR_DECL_SECONDARY" />
        <item name="OMP_PRIV_ALLOC_NOT_FREE"
            thread1="OBS_MEM_LEAK_PRIMARY"
            thread2="OBS_OMP_DIR_DECL_SECONDARY" />
        <item name="OMP_MOD_IN_MASTER"
            thread1="OBS_MOD_SECONDARY"
            thread2="OBS_OMP_DIR_DECL_PRIMARY"
            thread3="OBS_OMP_DIR_DECL_SECONDARY" />
        <item name="OMP_PRIVATE_UNINIT"
            thread1="OBS_UNINIT_READ_PRIMARY"
            thread2="OBS_OMP_DIR_DECL_SECONDARY" />
        <item name="OMP_PRIV_CONSTRUCTOR"
            thread1="OBS_OMP_VIOLATION_PRIMARY" />
        <item name="OMP_USAGE_AFTER_NOWAIT"
            thread1="OBS_USE_SECONDARY"
            thread2="OBS_MOD_PRIMARY"
            thread3="OBS_OMP_DIR_DECL_SECONDARY" />
        <item name="OMP_BARRIER_IN_IF"
            thread1="OBS_OMP_VIOLATION_PRIMARY"
            thread2="OBS_DEF_SECONDARY" />
        <item name="OMP_BARRIER_IN_IF_PSBL"
            thread1="OBS_OMP_VIOLATION_PRIMARY"
            thread2="OBS_DEF_SECONDARY" />
        <item name="CPP_SLICING_NUM"
            thread1="OBS_FUNC_CALL_PRIMARY" />
        <item name="CPP_MORE_EFFICIENT_OPERATOR"
            thread1="OBS_FUNC_CALL_PRIMARY"
            thread2="OBS_DEF_SECONDARY" />
        <item name="CPP_BS_MORE_EFFICIENT_OPERATOR"
            thread1="OBS_FUNC_CALL_PRIMARY" />
        <item name="OMP_LASTPRIVATE_INIT"
            thread1="OBS_USE_PRIMARY"
            thread2="OBS_OMP_DIR_DECL_SECONDARY" />
        <item name="OMP_REDUCTION_FUNC"
            thread1="OBS_FUNC_CALL_PRIMARY"
            thread2="OBS_OMP_DIR_DECL_SECONDARY"
            thread3="OBS_MOD_SECONDARY" />
        <item name="NOT_WINDOWS_CONSTRUCTION"
            thread1="OBS_FMT_MISMATCH_PRIMARY" />
        <item name="BOUND_BY_POINTER"
            thread1="OBS_BUFF_OVERFLOW_PRIMARY" />
        <item name="BOUND_BY_POINTER_PSBL"
            thread1="OBS_BUFF_OVERFLOW_PRIMARY" />
        <item name="ALLOC_INCONSIST_DEALLOC"
            thread1="OBS_MEM_FREE_PRIMARY"
            thread2="OBS_MEM_ALLOC_SECONDARY" />
        <item name="BOUND_OF_ALLOC_OBJ"
            thread1="OBS_BUFF_OVERFLOW_PRIMARY"
            thread2="OBS_MEM_ALLOC_SECONDARY" />
        <item name="BOUND_OF_ALLOC_OBJ_PSBL"
            thread1="OBS_BUFF_OVERFLOW_PRIMARY"
            thread2="OBS_MEM_ALLOC_SECONDARY" />
        <item name="SIZE_NOT_MULTIPLE"
            thread1="OBS_MEM_ALLOC_PRIMARY" />
        <item name="SIZE_NOT_MULTIPLE_PSBL"
            thread1="OBS_MEM_ALLOC_PRIMARY" />
        <item name="OMP_PARALLEL_2"
            thread1="OBS_OMP_DIR_DECL_PRIMARY"
            thread2="OBS_OMP_DIR_DECL_SECONDARY" />
        <item name="USE_AFTER_FREE"
            thread1="OBS_BAD_USE_SECONDARY"
            thread2="OBS_MEM_FREE_PRIMARY" />
        <item name="USE_AFTER_FREE_PSBL"
            thread1="OBS_BAD_USE_SECONDARY"
            thread2="OBS_MEM_FREE_PRIMARY" />
        <item name="FILE_LEAK"
            thread1="OBS_RESOURCE_LEAK_PRIMARY"
            thread2="OBS_RESOURCE_ALLOC_SECONDARY" />
        <item name="FILE_LEAK_PSBL"
            thread1="OBS_RESOURCE_LEAK_PRIMARY"
            thread2="OBS_RESOURCE_ALLOC_SECONDARY" />
        <item name="FILE_CLOSE_2"
            thread1="OBS_RESOURCE_FREE_SECONDARY"
            thread2="OBS_RESOURCE_FREE_PRIMARY" />
        <item name="FILE_CLOSE_2_PSBL"
            thread1="OBS_RESOURCE_FREE_SECONDARY"
            thread2="OBS_RESOURCE_FREE_PRIMARY" />
        <item name="INVALID_FILE_HANDLE"
            thread1="OBS_BAD_RESOURCE_USE_PRIMARY" />
        <item name="INVALID_FILE_HANDLE_PSBL"
            thread1="OBS_BAD_RESOURCE_USE_PRIMARY" />
        <item name="NO_ALLOC_AF_DE_2"
            thread1="OBS_BAD_USE_SECONDARY"
            thread2="OBS_MEM_FREE_PRIMARY" />
        <item name="NO_ALLOC_AF_DE_2_PSBL"
            thread1="OBS_BAD_USE_SECONDARY"
            thread2="OBS_MEM_FREE_PRIMARY" />
        <item name="WRONG_FREE_2"
            thread1="OBS_MEM_FREE_SECONDARY"
            thread2="OBS_MOD_PRIMARY" />
        <item name="WRONG_FREE_2_PSBL"
            thread1="OBS_MEM_FREE_SECONDARY"
            thread2="OBS_MOD_PRIMARY" />
        <item name="INVALID_FILE_HANDLE_2"
            thread1="OBS_BAD_RESOURCE_USE_SECONDARY"
            thread2="OBS_MOD_PRIMARY" />
        <item name="INVALID_FILE_HANDLE_2_PSBL"
            thread1="OBS_BAD_RESOURCE_USE_PRIMARY"
            thread2="OBS_MOD_SECONDARY" />
        <item name="OMP_THREADING_PARAMS"
            thread1="OBS_FUNC_CALL_PRIMARY"
            thread2="OBS_OMP_DIR_DECL_SECONDARY" />
        <item name="OMP_DIFFERENT_PARALLEL_KIND"
            thread1="OBS_OMP_VIOLATION_SECONDARY"
            thread2="OBS_OMP_DIR_DECL_PRIMARY" />
        <item name="ZERO_TERMINATE_PSBL"
            thread1="OBS_FUNC_CALL_SECONDARY"
            thread2="OBS_DECL_PRIMARY" />
        <item name="POINTER_NOT_NULL_CHECKED"
            thread1="OBS_BAD_DEREF_PRIMARY"
            thread2="OBS_MOD_SECONDARY" />
        <item name="CILK_USAGE_AFTER_NOWAIT"
            thread1="OBS_USE_SECONDARY"
            thread2="OBS_MOD_PRIMARY"
            thread3="OBS_CILK_SPAWN_SECONDARY" />
        <item name="CILK_POSSIBLE_DEPENDENCE"
            thread1="OBS_BAD_USE_SECONDARY"
            thread2="OBS_BAD_USE_PRIMARY" />
        <item name="CILK_FLOW_DEPENDENCE"
            thread1="OBS_BAD_USE_SECONDARY"
            thread2="OBS_BAD_USE_PRIMARY" />
        <item name="SSA_ICE_MSG"
            thread1="OBS_DEF_PRIMARY" />
        <item name="BOUND_UNKNOWN"
            thread1="OBS_BUFF_OVERFLOW_PRIMARY" />
        <item name="BOUND_UNKNOWN_PSBL"
            thread1="OBS_BUFF_OVERFLOW_PRIMARY" />
        <item name="BOUND_ACT_UNKNOWN"
            thread1="OBS_BUFF_OVERFLOW_PRIMARY"
            thread2="OBS_FUNC_CALL_SECONDARY" />
        <item name="BOUND_ACT_UNKNOWN_PSBL"
            thread1="OBS_BUFF_OVERFLOW_PRIMARY"
            thread2="OBS_FUNC_CALL_SECONDARY" />
        <item name="BOUND_BY_POINTER_UNKNOWN"
            thread1="OBS_BUFF_OVERFLOW_PRIMARY" />
        <item name="BOUND_BY_POINTER_UNKNOWN_PSBL"
            thread1="OBS_BUFF_OVERFLOW_PRIMARY" />
        <item name="BOUND_OF_ALLOC_OBJ_UNKNOWN"
            thread1="OBS_BUFF_OVERFLOW_PRIMARY"
            thread2="OBS_MEM_ALLOC_SECONDARY" />
        <item name="BOUND_OF_ALLOC_OBJ_UNKNOWN_PSBL"
            thread1="OBS_BUFF_OVERFLOW_PRIMARY"
            thread2="OBS_MEM_ALLOC_SECONDARY" />
        <item name="SKIPPED_ENTRY"
            thread1="OBS_DEF_PRIMARY" />
        <item name="UNCHECKED_ALLOCATE"
            thread1="OBS_NULL_DEREF_SECONDARY"
            thread2="OBS_MEM_ALLOC_PRIMARY" />
        <item name="PROGRESS_MESSAGE"
            thread1="OBS_PROGRESS_BAR_PRIMARY" />
        <item name="SAL_READABLE_SIZE"
            thread1="OBS_BUFF_OVERFLOW_PRIMARY" />
        <item name="SAL_WRITABLE_SIZE"
            thread1="OBS_BUFF_OVERFLOW_PRIMARY" />
        <item name="BITFIELD_NOT_SET"
            thread1="OBS_UNINIT_READ_PRIMARY" />
        <item name="BITFIELD_NOT_SET_PSBL"
            thread1="OBS_UNINIT_READ_PRIMARY" />
    </collection_map>
</maps>
