<?xml version="1.0" encoding="utf-8" ?>
<maps>
    <collection_map name="asdp.ms_obs_classes">
        <item name="OBS_BAD_DEREF_PRIMARY" arg="1" />
        <item name="OBS_BAD_DEREF_SECONDARY" arg="2" />
        <item name="OBS_BAD_MOD_PRIMARY" arg="1" />
        <item name="OBS_BAD_MOD_SECONDARY" arg="2" />
        <item name="OBS_BAD_OPER_PRIMARY" arg="1" />
        <item name="OBS_BAD_OPER_SECONDARY" arg="2" />
        <item name="OBS_BAD_RESOURCE_USE_PRIMARY" arg="1" />
        <item name="OBS_BAD_RESOURCE_USE_SECONDARY" arg="2" />
        <item name="OBS_BAD_USE_PRIMARY" arg="1" />
        <item name="OBS_BAD_USE_SECONDARY" arg="2" />
        <item name="OBS_BUFF_OVERFLOW_PRIMARY" arg="1" />
        <item name="OBS_BUFF_OVERFLOW_SECONDARY" arg="2" />
        <item name="OBS_CILK_SPAWN_PRIMARY" arg="1" />
        <item name="OBS_CILK_SPAWN_SECONDARY" arg="2" />
        <item name="OBS_DECL_PRIMARY" arg="1" />
        <item name="OBS_DECL_SECONDARY" arg="2" />
        <item name="OBS_DEF_PRIMARY" arg="1" />
        <item name="OBS_DEF_SECONDARY" arg="2" />
        <item name="OBS_DIV_ZERO_PRIMARY" arg="1" />
        <item name="OBS_DIV_ZERO_SECONDARY" arg="2" />
        <item name="OBS_EX_THROW_PRIMARY" arg="1" />
        <item name="OBS_EX_THROW_SECONDARY" arg="2" />
        <item name="OBS_FMT_MISMATCH_PRIMARY" arg="1" />
        <item name="OBS_FMT_MISMATCH_SECONDARY" arg="2" />
        <item name="OBS_FUNC_CALL_PRIMARY" arg="1" />
        <item name="OBS_FUNC_CALL_SECONDARY" arg="2" />
        <item name="OBS_INFINITE_LOOP_PRIMARY" arg="1" />
        <item name="OBS_INFINITE_LOOP_SECONDARY" arg="2" />
        <item name="OBS_INT_OVERFLOW_PRIMARY" arg="1" />
        <item name="OBS_INT_OVERFLOW_SECONDARY" arg="2" />
        <item name="OBS_INT_UNDERFLOW_PRIMARY" arg="1" />
        <item name="OBS_INT_UNDERFLOW_SECONDARY" arg="2" />
        <item name="OBS_MEM_ALLOC_PRIMARY" arg="1" />
        <item name="OBS_MEM_ALLOC_SECONDARY" arg="2" />
        <item name="OBS_MEM_FREE_PRIMARY" arg="1" />
        <item name="OBS_MEM_FREE_SECONDARY" arg="2" />
        <item name="OBS_MEM_LEAK_PRIMARY" arg="1" />
        <item name="OBS_MEM_LEAK_SECONDARY" arg="2" />
        <item name="OBS_MISS_DEF_PRIMARY" arg="1" />
        <item name="OBS_MISS_DEF_SECONDARY" arg="2" />
        <item name="OBS_MOD_PRIMARY" arg="1" />
        <item name="OBS_MOD_SECONDARY" arg="2" />
        <item name="OBS_NULL_DEREF_PRIMARY" arg="1" />
        <item name="OBS_NULL_DEREF_SECONDARY" arg="2" />
        <item name="OBS_OMP_DIR_DECL_PRIMARY" arg="1" />
        <item name="OBS_OMP_DIR_DECL_SECONDARY" arg="2" />
        <item name="OBS_OMP_VIOLATION_PRIMARY" arg="1" />
        <item name="OBS_OMP_VIOLATION_SECONDARY" arg="2" />
        <item name="OBS_PROGRESS_BAR_PRIMARY" arg="1" />
        <item name="OBS_PROGRESS_BAR_SECONDARY" arg="2" />
        <item name="OBS_RESOURCE_ALLOC_PRIMARY" arg="1" />
        <item name="OBS_RESOURCE_ALLOC_SECONDARY" arg="2" />
        <item name="OBS_RESOURCE_FREE_PRIMARY" arg="1" />
        <item name="OBS_RESOURCE_FREE_SECONDARY" arg="2" />
        <item name="OBS_RESOURCE_LEAK_PRIMARY" arg="1" />
        <item name="OBS_RESOURCE_LEAK_SECONDARY" arg="2" />
        <item name="OBS_SUSPICIOUS_ASSIGN_PRIMARY" arg="1" />
        <item name="OBS_SUSPICIOUS_ASSIGN_SECONDARY" arg="2" />
        <item name="OBS_TYPE_CONV_PRIMARY" arg="1" />
        <item name="OBS_TYPE_CONV_SECONDARY" arg="2" />
        <item name="OBS_UNINIT_READ_PRIMARY" arg="1" />
        <item name="OBS_UNINIT_READ_SECONDARY" arg="2" />
        <item name="OBS_UNKNOWN" arg="1" />
        <item name="OBS_UNREACH_PRIMARY" arg="1" />
        <item name="OBS_UNREACH_SECONDARY" arg="2" />
        <item name="OBS_USE_PRIMARY" arg="1" />
        <item name="OBS_USE_SECONDARY" arg="2" />
    </collection_map>
</maps>
