<?xml version="1.0" encoding="utf-8" ?>
<cs_messages version="1.0">
    <msg id="2007" name="ARG_2_MOD" severity="error" category="CAT_MISCELLANEOUS" type="ARG_2_MOD" />
    <msg id="2008" name="ARG_2_MOD_ACT" severity="error" category="CAT_MISCELLANEOUS" type="ARG_2_MOD_ACT" />
    <msg id="2009" name="ARG_EL_SIZE" severity="error" category="CAT_CALL" type="ARG_EL_SIZE" />
    <msg id="2010" name="ARG_EL_SIZE_ACT" severity="error" category="CAT_CALL" type="ARG_EL_SIZE_ACT" />
    <msg id="2013" name="ARG_INTENT_IN" severity="error" category="CAT_MISCELLANEOUS" type="ARG_INTENT_IN" />
    <msg id="2014" name="ARG_INTENT_OUT" severity="error" category="CAT_UNINITIALIZED" type="ARG_INTENT_OUT" />
    <msg id="2015" name="ARG_INTENT_OUT_PSBL" severity="error" category="CAT_UNINITIALIZED" type="ARG_INTENT_OUT_PSBL" />
    <msg id="2016" name="ARG_MOD" severity="error" category="CAT_MISCELLANEOUS" type="ARG_MOD" />
    <msg id="2017" name="ARG_MOD_ACT" severity="error" category="CAT_MISCELLANEOUS" type="ARG_MOD_ACT" />
    <msg id="2018" name="ARG_MOD_ACT_PSBL" severity="error" category="CAT_MISCELLANEOUS" type="ARG_MOD_ACT_PSBL" />
    <msg id="2019" name="ARG_MOD_PSBL" severity="error" category="CAT_MISCELLANEOUS" type="ARG_MOD_PSBL" />
    <msg id="2020" name="ARG_NUMBER" severity="error" category="CAT_CALL" type="ARG_NUMBER" />
    <msg id="2021" name="ARG_NUMBER_ACT" severity="error" category="CAT_CALL" type="ARG_NUMBER_ACT" />
    <msg id="2022" name="ARG_OPT_NOT_LAST" severity="warning" category="CAT_DECLARATION" type="ARG_OPT_NOT_LAST" />
    <msg id="2023" name="ARG_OPT_NOT_OPT" severity="error" category="CAT_CALL" type="ARG_OPT_NOT_OPT" />
    <msg id="2024" name="ARG_OPT_NOT_OPT_ACT" severity="error" category="CAT_CALL" type="ARG_OPT_NOT_OPT_ACT" />
    <msg id="2025" name="ARG_OPT_NO_CHECK" severity="error" category="CAT_UNINITIALIZED" type="ARG_OPT_NO_CHECK" />
    <msg id="2026" name="ARG_RANK" severity="error" category="CAT_CALL" type="ARG_RANK" />
    <msg id="2027" name="ARG_RANK_ACT" severity="error" category="CAT_CALL" type="ARG_RANK_ACT" />
    <msg id="2028" name="ARG_SHAPE" severity="error" category="CAT_CALL" type="ARG_SHAPE" />
    <msg id="2029" name="ARG_SHAPE_ACT" severity="error" category="CAT_CALL" type="ARG_SHAPE_ACT" />
    <msg id="2030" name="ARG_SIZE" severity="error" category="CAT_CALL" type="ARG_SIZE" />
    <msg id="2031" name="ARG_SIZE_ACT" severity="error" category="CAT_CALL" type="ARG_SIZE_ACT" />
    <msg id="2033" name="ARG_SIZE_GT" severity="warning" category="CAT_CALL" type="ARG_SIZE_GT" />
    <msg id="2034" name="ARG_SIZE_GT_ACT" severity="warning" category="CAT_CALL" type="ARG_SIZE_GT_ACT" />
    <msg id="2036" name="ARG_TYPE_PTR" severity="error" category="CAT_CALL" type="ARG_TYPE_PTR" />
    <msg id="2037" name="ARG_TYPE_PTR_TO" severity="error" category="CAT_CALL" type="ARG_TYPE_PTR_TO" />
    <msg id="2038" name="ARG_VALUE" severity="error" category="CAT_CALL" type="ARG_VALUE" />
    <msg id="2039" name="ARG_VALUE_PSBL" severity="error" category="CAT_CALL" type="ARG_VALUE_PSBL" />
    <msg id="2040" name="ARG_WRONG" severity="error" category="CAT_CALL" type="ARG_WRONG" />
    <msg id="2041" name="ARG_WRONG_ACT" severity="error" category="CAT_CALL" type="ARG_WRONG_ACT" />
    <msg id="2042" name="ARG_WRONG_ACT_INTR" severity="error" category="CAT_CALL" type="ARG_WRONG_ACT_INTR" />
    <msg id="2048" name="BOUND" severity="critical" category="CAT_BUFFER_OVERFLOW" type="BOUND" />
    <msg id="2049" name="BOUND_PSBL" severity="critical" category="CAT_BUFFER_OVERFLOW" type="BOUND_PSBL" />
    <msg id="2054" name="ZERO_TERMINATE" severity="error" category="CAT_STRING" type="ZERO_TERMINATE" />
    <msg id="2059" name="DEALLOC" severity="critical" category="CAT_MEMORY" type="DEALLOC" />
    <msg id="2060" name="DEALLOC_PSBL" severity="critical" category="CAT_MEMORY" type="DEALLOC_PSBL" />
    <msg id="2061" name="DIV_0" severity="error" category="CAT_MISCELLANEOUS" type="DIV_0" />
    <msg id="2062" name="DIV_0_PSBL" severity="error" category="CAT_MISCELLANEOUS" type="DIV_0_PSBL" />
    <msg id="2063" name="DO_VAR" severity="error" category="CAT_MISCELLANEOUS" type="DO_VAR" />
    <msg id="2064" name="FORMAT_MISMATCH_TOO_FEW_ARGS" severity="error" category="CAT_FORMAT" type="FORMAT_MISMATCH_TOO_FEW_ARGS" />
    <msg id="2065" name="FORMAT_MISMATCH_TOO_MANY_ARGS" severity="error" category="CAT_FORMAT" type="FORMAT_MISMATCH_TOO_MANY_ARGS" />
    <msg id="2067" name="FORMAT_FLAGS" severity="error" category="CAT_FORMAT" type="FORMAT_FLAGS" />
    <msg id="2068" name="FORMAT_MISMATCH" severity="error" category="CAT_FORMAT" type="FORMAT_MISMATCH_obsolete" />
    <msg id="2071" name="FORMAT_SPECIF" severity="error" category="CAT_FORMAT" type="FORMAT_SPECIF" />
    <msg id="2072" name="FORMAT_TYPE" severity="error" category="CAT_FORMAT" type="FORMAT_TYPE" />
    <msg id="2073" name="FORMAT_TYPE_W_P" severity="error" category="CAT_FORMAT" type="FORMAT_TYPE_W_P" />
    <msg id="2076" name="FUN_NO_RES" severity="critical" category="CAT_MISCELLANEOUS" type="FUN_NO_RES" />
    <msg id="2077" name="FUN_NO_RES_PSBL" severity="critical" category="CAT_MISCELLANEOUS" type="FUN_NO_RES_PSBL" />
    <msg id="2078" name="FUN_NOT_RET_VALUE" severity="error" category="CAT_MISCELLANEOUS" type="FUN_NOT_RET_VALUE" />
    <msg id="2079" name="FUN_TYPE" severity="error" category="CAT_CALL" type="FUN_TYPE" />
    <msg id="2080" name="FUN_TYPE_ACT" severity="error" category="CAT_CALL" type="FUN_TYPE_ACT" />
    <msg id="2081" name="GETS_WARN" severity="critical" category="CAT_BUFFER_OVERFLOW" type="GETS_WARN" />
    <msg id="2082" name="INFINITE_LOOP" severity="error" category="CAT_MISCELLANEOUS" type="INFINITE_LOOP" />
    <msg id="2084" name="INTERFACE_MSG" severity="error" category="CAT_CALL" type="INTERFACE_MSG" />
    <msg id="2085" name="INTERFACE_ACT" severity="error" category="CAT_DECLARATION" type="INTERFACE_ACT" />
    <msg id="2086" name="INTRINSIC_DECL" severity="warning" category="CAT_DECLARATION" type="INTRINSIC_DECL" />
    <msg id="2090" name="LINK_ERR_TYPE_VAR" severity="error" category="CAT_DECLARATION" type="LINK_ERR_TYPE_VAR" />
    <msg id="2091" name="LINK_ERR_TYPE_REC" severity="error" category="CAT_DECLARATION" type="LINK_ERR_TYPE_REC" />
    <msg id="2092" name="LINK_ERR_TYPE_FIELD" severity="error" category="CAT_DECLARATION" type="LINK_ERR_TYPE_FIELD" />
    <msg id="2093" name="LINK_ERR_TYPE_ARRAY" severity="error" category="CAT_DECLARATION" type="LINK_ERR_TYPE_ARRAY" />
    <msg id="2094" name="LINK_ERR_TYPE_ENUM" severity="error" category="CAT_DECLARATION" type="LINK_ERR_TYPE_ENUM" />
    <msg id="2095" name="LINK_ERR_TYPE_POINTER" severity="error" category="CAT_DECLARATION" type="LINK_ERR_TYPE_POINTER" />
    <msg id="2096" name="LINK_ERR_SIZE_VAR" severity="error" category="CAT_DECLARATION" type="LINK_ERR_SIZE_VAR" />
    <msg id="2097" name="LINK_ERR_SIZE_REC" severity="error" category="CAT_DECLARATION" type="LINK_ERR_SIZE_REC" />
    <msg id="2098" name="LINK_ERR_SIZE_FIELD" severity="error" category="CAT_DECLARATION" type="LINK_ERR_SIZE_FIELD" />
    <msg id="2099" name="LINK_ERR_SIZE_ENUM" severity="error" category="CAT_DECLARATION" type="LINK_ERR_SIZE_ENUM" />
    <msg id="2100" name="LINK_ERR_SIZE_POINTER" severity="error" category="CAT_DECLARATION" type="LINK_ERR_SIZE_POINTER" />
    <msg id="2101" name="LINK_ERR_SIZE_POINTEE" severity="error" category="CAT_DECLARATION" type="LINK_ERR_SIZE_POINTEE" />
    <msg id="2102" name="LINK_ERR_COUNT_ARRAY" severity="error" category="CAT_DECLARATION" type="LINK_ERR_COUNT_ARRAY" />
    <msg id="2103" name="LINK_ERR_SIZE_ARRAY" severity="error" category="CAT_DECLARATION" type="LINK_ERR_SIZE_ARRAY" />
    <msg id="2104" name="LINK_ERR_SIZE_ARR_ELT" severity="error" category="CAT_DECLARATION" type="LINK_ERR_SIZE_ARR_ELT" />
    <msg id="2105" name="LINK_ERR_COUNT_ENUM" severity="error" category="CAT_DECLARATION" type="LINK_ERR_COUNT_ENUM" />
    <msg id="2106" name="LINK_ERR_TAG" severity="error" category="CAT_DECLARATION" type="LINK_ERR_TAG" />
    <msg id="2107" name="LINK_ERR_TAG_ENUM" severity="error" category="CAT_DECLARATION" type="LINK_ERR_TAG_ENUM" />
    <msg id="2108" name="LINK_ERR_ELEMENT_NAME" severity="error" category="CAT_DECLARATION" type="LINK_ERR_ELEMENT_NAME" />
    <msg id="2109" name="LINK_ERR_VAL_ENUM" severity="error" category="CAT_DECLARATION" type="LINK_ERR_VAL_ENUM" />
    <msg id="2110" name="LINK_ERR_FIELD_NAME" severity="error" category="CAT_DECLARATION" type="LINK_ERR_FIELD_NAME" />
    <msg id="2111" name="LINK_ERR_FIELD_OFFSET" severity="error" category="CAT_DECLARATION" type="LINK_ERR_FIELD_OFFSET" />
    <msg id="2112" name="LINK_ERR_FIELD_NUMBER" severity="error" category="CAT_DECLARATION" type="LINK_ERR_FIELD_NUMBER" />
    <msg id="2115" name="LINK_WARN_COMMON_ONE" severity="warning" category="CAT_DECLARATION" type="LINK_WARN_COMMON_ONE" />
    <msg id="2116" name="LINK_ERR_QUAL" severity="error" category="CAT_DECLARATION" type="LINK_ERR_QUAL" />
    <msg id="2121" name="MEM_LEAK" severity="critical" category="CAT_MEMORY" type="MEM_LEAK" />
    <msg id="2127" name="NEG_DIM" severity="warning" category="CAT_MISCELLANEOUS" type="NEG_DIM" />
    <msg id="2128" name="NEG_DIM_PSBL" severity="warning" category="CAT_MISCELLANEOUS" type="NEG_DIM_PSBL" />
    <msg id="2131" name="NO_ALLOC" severity="critical" category="CAT_MEMORY" type="NO_ALLOC" />
    <msg id="2132" name="NO_ALLOC_AF_DE" severity="critical" category="CAT_MEMORY" type="NO_ALLOC_AF_DE" />
    <msg id="2133" name="NO_ALLOC_AF_DE_PSBL" severity="critical" category="CAT_MEMORY" type="NO_ALLOC_AF_DE_PSBL" />
    <msg id="2134" name="NO_ALLOC_PSBL" severity="critical" category="CAT_MEMORY" type="NO_ALLOC_PSBL" />
    <msg id="2135" name="NO_CALL" severity="warning" category="CAT_UNREACHABLE_CODE" type="NO_CALL" />
    <msg id="2137" name="NO_PROC" severity="warning" category="CAT_MISCELLANEOUS" type="NO_PROC" />
    <msg id="2138" name="NOT_ENOUGH_MEM" severity="critical" category="CAT_MEMORY" type="NOT_ENOUGH_MEM" />
    <msg id="2139" name="NOT_ENOUGH_MEM_PSBL" severity="critical" category="CAT_MEMORY" type="NOT_ENOUGH_MEM_PSBL" />
    <msg id="2140" name="NOT_FUN" severity="error" category="CAT_CALL" type="NOT_FUN" />
    <msg id="2141" name="NOT_FUN_ACT" severity="error" category="CAT_CALL" type="NOT_FUN_ACT" />
    <msg id="2142" name="NOT_FUN_FORWARD" severity="error" category="CAT_DECLARATION" type="NOT_FUN_FORWARD" />
    <msg id="2143" name="NOT_SET" severity="critical" category="CAT_UNINITIALIZED" type="NOT_SET" />
    <msg id="2144" name="NOT_SET_PSBL" severity="critical" category="CAT_UNINITIALIZED" type="NOT_SET_PSBL" />
    <msg id="2145" name="NOT_SUB" severity="error" category="CAT_CALL" type="NOT_SUB" />
    <msg id="2146" name="NOT_SUB_ACT" severity="error" category="CAT_CALL" type="NOT_SUB_ACT" />
    <msg id="2147" name="NOT_FUN_INTR_ACT" severity="error" category="CAT_CALL" type="NOT_FUN_INTR_ACT" />
    <msg id="2148" name="NOT_SUB_INTR_ACT" severity="error" category="CAT_CALL" type="NOT_SUB_INTR_ACT" />
    <msg id="2152" name="OMP_CHUNK_SIDE_EFF" severity="error" category="CAT_THREADING" type="OMP_CHUNK_SIDE_EFF" />
    <msg id="2157" name="OMP_IF_SIDE_EFF" severity="error" category="CAT_THREADING" type="OMP_IF_SIDE_EFF" />
    <msg id="2158" name="OMP_IO_STATS" severity="error" category="CAT_THREADING" type="OMP_IO_STATS" />
    <msg id="2161" name="OMP_NUM_THR_SIDE_EFF" severity="error" category="CAT_THREADING" type="OMP_NUM_THR_SIDE_EFF" />
    <msg id="2163" name="OMP_REDUCTION_MODIFIED" severity="error" category="CAT_THREADING" type="OMP_REDUCTION_MODIFIED" />
    <msg id="2164" name="OMP_PRIVATE_MODIFIED" severity="error" category="CAT_THREADING" type="OMP_PRIVATE_MODIFIED" />
    <msg id="2165" name="OMP_REDUCTION_OPER" severity="error" category="CAT_THREADING" type="OMP_REDUCTION_OPER" />
    <msg id="2166" name="SMALL_OBJ_2_PSBL" severity="critical" category="CAT_BUFFER_OVERFLOW" type="SMALL_OBJ_2_PSBL" />
    <msg id="2168" name="OMP_THREADPRIVATE" severity="error" category="CAT_THREADING" type="OMP_THREADPRIVATE" />
    <msg id="2171" name="POINTER_ZERO" severity="critical" category="CAT_POINTER" type="POINTER_ZERO" />
    <msg id="2172" name="POINTER_ZERO_PSBL" severity="critical" category="CAT_POINTER" type="POINTER_ZERO_PSBL" />
    <msg id="2174" name="PROC_NO_RET" severity="warning" category="CAT_MISCELLANEOUS" type="PROC_NO_RET" />
    <msg id="2178" name="SET_2" severity="warning" category="CAT_REDUNDANT_CODE" type="SET_2" />
    <msg id="2192" name="UNREACH_STMT" severity="error" category="CAT_UNREACHABLE_CODE" type="UNREACH_STMT" />
    <msg id="2200" name="OMP_GLOBAL_NESTING" severity="error" category="CAT_THREADING" type="OMP_GLOBAL_NESTING" />
    <msg id="2202" name="OMP_CRITICAL_NESTING" severity="error" category="CAT_THREADING" type="OMP_CRITICAL_NESTING" />
    <msg id="2203" name="OMP_MISSED_ORDERED_CLAUSE" severity="error" category="CAT_THREADING" type="OMP_MISSED_ORDERED_CLAUSE" />
    <msg id="2204" name="OMP_MISSED_ORDERED_SECTION" severity="warning" category="CAT_THREADING" type="OMP_MISSED_ORDERED_SECTION" />
    <msg id="2205" name="OMP_MANY_ORDERED" severity="error" category="CAT_THREADING" type="OMP_MANY_ORDERED" />
    <msg id="2206" name="LINK_ERR_SIZE_STRING" severity="error" category="CAT_DECLARATION" type="LINK_ERR_SIZE_STRING" />
    <msg id="2207" name="OMP_MUST_BE_SHARED" severity="error" category="CAT_THREADING" type="OMP_MUST_BE_SHARED" />
    <msg id="2208" name="OMP_MUST_BE_SHARED2" severity="error" category="CAT_THREADING" type="OMP_MUST_BE_SHARED2" />
    <msg id="2209" name="OMP_MUST_BE_PRIVATE" severity="error" category="CAT_THREADING" type="OMP_MUST_BE_PRIVATE" />
    <msg id="2210" name="OMP_MUST_BE_PRIVATE2" severity="error" category="CAT_THREADING" type="OMP_MUST_BE_PRIVATE2" />
    <msg id="2211" name="OMP_REDUCTION_PRIVATE" severity="error" category="CAT_THREADING" type="OMP_REDUCTION_PRIVATE" />
    <msg id="2212" name="OMP_FIRSTPRIVATE_REFERENCE" severity="error" category="CAT_THREADING" type="OMP_FIRSTPRIVATE_REFERENCE" />
    <msg id="2213" name="OMP_MUST_BE_THREADPRIVATE" severity="error" category="CAT_THREADING" type="OMP_MUST_BE_THREADPRIVATE" />
    <msg id="2214" name="CPP_OPERATOR_CHANGES_SEMANTICS" severity="warning" category="CAT_CPLUSPLUS" type="CPP_OPERATOR_CHANGES_SEMANTICS" />
    <msg id="2215" name="CPP_NON_VIRTUAL_PUBLIC_DTOR" severity="warning" category="CAT_CPLUSPLUS" type="CPP_NON_VIRTUAL_PUBLIC_DTOR" />
    <msg id="2217" name="OMP_REDUCTION_EXPRESSION" severity="error" category="CAT_THREADING" type="OMP_REDUCTION_EXPRESSION" />
    <msg id="2218" name="BIG_PARAMETER" severity="warning" category="CAT_MISCELLANEOUS" type="BIG_PARAMETER" />
    <msg id="2219" name="OMP_NOWAIT_REDUCTION" severity="error" category="CAT_THREADING" type="OMP_NOWAIT_REDUCTION" />
    <msg id="2220" name="OMP_NOWAIT_LASTPRIVATE" severity="error" category="CAT_THREADING" type="OMP_NOWAIT_LASTPRIVATE" />
    <msg id="2221" name="CPP_SLICING_NAME" severity="warning" category="CAT_CPLUSPLUS" type="CPP_SLICING_NAME" />
    <msg id="2223" name="CPP_NON_EXPLICIT_CTOR" severity="error" category="CAT_CPLUSPLUS" type="CPP_NON_EXPLICIT_CTOR" />
    <msg id="2224" name="SMALL_OBJ" severity="critical" category="CAT_BUFFER_OVERFLOW" type="SMALL_OBJ" />
    <msg id="2225" name="SMALL_OBJ_PSBL" severity="critical" category="CAT_BUFFER_OVERFLOW" type="SMALL_OBJ_PSBL" />
    <msg id="2226" name="SMALL_OBJ_2" severity="critical" category="CAT_BUFFER_OVERFLOW" type="SMALL_OBJ_2" />
    <msg id="2228" name="CPP_UNCAUGHT_EX" severity="warning" category="CAT_CPLUSPLUS" type="CPP_UNCAUGHT_EX" />
    <msg id="2229" name="CPP_UNCAUGHT_EX_IN_DTOR" severity="warning" category="CAT_CPLUSPLUS" type="CPP_UNCAUGHT_EX_IN_DTOR" />
    <msg id="2230" name="OMP_UNCAUGHT_EX_IN_PARALLEL" severity="warning" category="CAT_THREADING" type="OMP_UNCAUGHT_EX_IN_PARALLEL" />
    <msg id="2231" name="OMP_UNCAUGHT_EX_IN_THREAD" severity="warning" category="CAT_THREADING" type="OMP_UNCAUGHT_EX_IN_THREAD" />
    <msg id="2232" name="CPP_NONPROPER_SIGNATURE" severity="warning" category="CAT_CPLUSPLUS" type="CPP_NONPROPER_SIGNATURE" />
    <msg id="2233" name="OMP_UNCAUGHT_EX_IN_TASK" severity="warning" category="CAT_CPLUSPLUS" type="OMP_UNCAUGHT_EX_IN_TASK" />
    <msg id="2236" name="OMP_NLE_IN_PARALLEL" severity="error" category="CAT_THREADING" type="OMP_NLE_IN_PARALLEL" />
    <msg id="2237" name="OMP_NLE_IN_THREAD" severity="error" category="CAT_THREADING" type="OMP_NLE_IN_THREAD" />
    <msg id="2238" name="CPP_NLE_CALLED" severity="warning" category="CAT_CPLUSPLUS" type="CPP_NLE_CALLED" />
    <msg id="2241" name="CPP_RELATED_OPERATOR_NOT_DEFINED" severity="error" category="CAT_CPLUSPLUS" type="CPP_RELATED_OPERATOR_NOT_DEFINED" />
    <msg id="2242" name="CPP_GLOBAL_RELATED_OPERATOR_NOT_DEFINED" severity="error" category="CAT_CPLUSPLUS" type="CPP_GLOBAL_RELATED_OPERATOR_NOT_DEFINED" />
    <msg id="2243" name="CPP_EX_SPEC_UNSAFE" severity="error" category="CAT_CPLUSPLUS" type="CPP_EX_SPEC_UNSAFE" />
    <msg id="2244" name="MEM_NOT_SET" severity="critical" category="CAT_UNINITIALIZED" type="MEM_NOT_SET" />
    <msg id="2245" name="MEM_NOT_SET_PSBL" severity="critical" category="CAT_UNINITIALIZED" type="MEM_NOT_SET_PSBL" />
    <msg id="2246" name="OMP_FLOW_DEPENDENCE" severity="warning" category="CAT_THREADING" type="OMP_FLOW_DEPENDENCE" />
    <msg id="2247" name="OMP_ANTI_DEPENDENCE" severity="warning" category="CAT_THREADING" type="OMP_ANTI_DEPENDENCE" />
    <msg id="2248" name="OMP_OUTPUT_DEPENDENCE" severity="warning" category="CAT_THREADING" type="OMP_OUTPUT_DEPENDENCE" />
    <msg id="2251" name="OMP_POSSIBLE_DEPENDENCE" severity="warning" category="CAT_THREADING" type="OMP_POSSIBLE_DEPENDENCE" />
    <msg id="2252" name="INTRINSIC_TYPE" severity="error" category="CAT_CALL" type="INTRINSIC_TYPE" />
    <msg id="2253" name="ARG_NUMBER_ACT_INTR" severity="error" category="CAT_CALL" type="ARG_NUMBER_ACT_INTR" />
    <msg id="2254" name="BOUND_ACT" severity="critical" category="CAT_BUFFER_OVERFLOW" type="BOUND_ACT" />
    <msg id="2255" name="BOUND_ACT_PSBL" severity="critical" category="CAT_BUFFER_OVERFLOW" type="BOUND_ACT_PSBL" />
    <msg id="2260" name="ARG_VALUE_ACT" severity="error" category="CAT_CALL" type="ARG_VALUE_ACT" />
    <msg id="2261" name="ARG_VALUE_ACT_PSBL" severity="error" category="CAT_CALL" type="ARG_VALUE_ACT_PSBL" />
    <msg id="2263" name="CPP_EX_ABORTED_BY_SPEC" severity="warning" category="CAT_CPLUSPLUS" type="CPP_EX_ABORTED_BY_SPEC" />
    <msg id="2264" name="CPP_EX_FROM_DELETE" severity="warning" category="CAT_CPLUSPLUS" type="CPP_EX_FROM_DELETE" />
    <msg id="2265" name="CPP_VIRTUAL_WITHOUT_DTOR" severity="warning" category="CAT_CPLUSPLUS" type="CPP_VIRTUAL_WITHOUT_DTOR" />
    <msg id="2266" name="CPP_EX_SPEC_DTOR" severity="warning" category="CAT_CPLUSPLUS" type="CPP_EX_SPEC_DTOR" />
    <msg id="2267" name="CPP_UNKNOWN_NEW" severity="warning" category="CAT_CPLUSPLUS" type="CPP_UNKNOWN_NEW" />
    <msg id="2270" name="CPP_PLACING_NEW_ACCESS" severity="warning" category="CAT_CPLUSPLUS" type="CPP_PLACING_NEW_ACCESS" />
    <msg id="2273" name="CPP_VIRTUAL_WITHOUT_SUCCESSORS_AND_ANCESTORS" severity="warning" category="CAT_CPLUSPLUS" type="CPP_VIRTUAL_WITHOUT_SUCCESSORS_AND_ANCESTORS" />
    <msg id="2274" name="CPP_NONPOD_WITH_PUBLIC_DATA" severity="warning" category="CAT_CPLUSPLUS" type="CPP_NONPOD_WITH_PUBLIC_DATA" />
    <msg id="2275" name="CPP_GLOBAL_NEW_DELETE" severity="warning" category="CAT_CPLUSPLUS" type="CPP_GLOBAL_NEW_DELETE" />
    <msg id="2276" name="CPP_GLOBAL_CTOR_EX" severity="warning" category="CAT_CPLUSPLUS" type="CPP_GLOBAL_CTOR_EX" />
    <msg id="2277" name="CPP_GLOBAL_DTOR_EX" severity="warning" category="CAT_CPLUSPLUS" type="CPP_GLOBAL_DTOR_EX" />
    <msg id="2278" name="OMP_WORKSHARING_CONSTRUCT_NOT_ENCLOSED" severity="warning" category="CAT_THREADING" type="OMP_WORKSHARING_CONSTRUCT_NOT_ENCLOSED" />
    <msg id="2279" name="OMP_WORKSHARING_CONSTRUCT_NOT_ENCLOSED_AT_ALL" severity="warning" category="CAT_THREADING" type="OMP_WORKSHARING_CONSTRUCT_NOT_ENCLOSED_AT_ALL" />
    <msg id="2281" name="OMP_LOOP_VAR_THREADPRIVATE" severity="error" category="CAT_THREADING" type="OMP_LOOP_VAR_THREADPRIVATE" />
    <msg id="2282" name="ARG_WRONG_INTR" severity="error" category="CAT_CALL" type="ARG_WRONG_INTR" />
    <msg id="2283" name="OMP_REDUCTION_MOD" severity="error" category="CAT_THREADING" type="OMP_REDUCTION_MOD" />
    <msg id="2284" name="OMP_SEQUENTIAL_PARALLEL" severity="error" category="CAT_THREADING" type="OMP_SEQUENTIAL_PARALLEL" />
    <msg id="2286" name="OMP_SEQUENTIAL_PARALLEL_EX" severity="error" category="CAT_THREADING" type="OMP_SEQUENTIAL_PARALLEL_EX" />
    <msg id="2291" name="MEM_LEAK_PSBL" severity="critical" category="CAT_MEMORY" type="MEM_LEAK_PSBL" />
    <msg id="2292" name="WRONG_FREE" severity="critical" category="CAT_MEMORY" type="WRONG_FREE" />
    <msg id="2293" name="OMP_THREADPRIVATE_DECL" severity="error" category="CAT_THREADING" type="OMP_THREADPRIVATE_DECL" />
    <msg id="2294" name="FREE_2" severity="critical" category="CAT_MEMORY" type="FREE_2" />
    <msg id="2295" name="FREE_2_PSBL" severity="critical" category="CAT_MEMORY" type="FREE_2_PSBL" />
    <msg id="2296" name="CLASHED_NAME" severity="warning" category="CAT_DECLARATION" type="CLASHED_NAME" />
    <msg id="2299" name="INT_OVERFLOW" severity="critical" category="CAT_MISCELLANEOUS" type="INT_OVERFLOW" />
    <msg id="2300" name="INT_UNDERFLOW" severity="critical" category="CAT_MISCELLANEOUS" type="INT_UNDERFLOW" />
    <msg id="2301" name="DEFAULT_SET" severity="warning" category="CAT_MISCELLANEOUS" type="DEFAULT_SET" />
    <msg id="2304" name="STRCPY_ERR" severity="critical" category="CAT_STRING" type="STRCPY_ERR" />
    <msg id="2305" name="TAINTED_INDEX" severity="critical" category="CAT_UNVALIDATED_INPUT" type="TAINTED_INDEX" />
    <msg id="2306" name="TAINTED_LOOP_BOUND" severity="critical" category="CAT_UNVALIDATED_INPUT" type="TAINTED_LOOP_BOUND" />
    <msg id="2307" name="TAINTED_MALLOC_SIZE" severity="critical" category="CAT_UNVALIDATED_INPUT" type="TAINTED_MALLOC_SIZE" />
    <msg id="2308" name="FUNC_RES_IGNORED" severity="warning" category="CAT_MISCELLANEOUS" type="FUNC_RES_IGNORED" />
    <msg id="2309" name="FUNC_RES_IGNORED_ACT" severity="warning" category="CAT_MISCELLANEOUS" type="FUNC_RES_IGNORED_ACT" />
    <msg id="2314" name="ARG_NUMBER_INTR" severity="error" category="CAT_CALL" type="ARG_NUMBER_INTR" />
    <msg id="2325" name="CPP_VIRTUAL_CALL_IN_CTOR" severity="warning" category="CAT_CPLUSPLUS" type="CPP_VIRTUAL_CALL_IN_CTOR" />
    <msg id="2326" name="CPP_VIRTUAL_CALL_IN_DTOR" severity="warning" category="CAT_CPLUSPLUS" type="CPP_VIRTUAL_CALL_IN_DTOR" />
    <msg id="2327" name="CPP_PURE_VIRTUAL_CALL_IN_CTOR" severity="warning" category="CAT_CPLUSPLUS" type="CPP_PURE_VIRTUAL_CALL_IN_CTOR" />
    <msg id="2328" name="CPP_PURE_VIRTUAL_CALL_IN_DTOR" severity="warning" category="CAT_CPLUSPLUS" type="CPP_PURE_VIRTUAL_CALL_IN_DTOR" />
    <msg id="2329" name="INPUT_NO_WIDTH" severity="critical" category="CAT_FORMAT" type="INPUT_NO_WIDTH" />
    <msg id="2330" name="INTRIN_SYSTEM" severity="critical" category="CAT_UNVALIDATED_INPUT" type="INTRIN_SYSTEM" />
    <msg id="2331" name="OMP_CALL_IN_REGION" severity="critical" category="CAT_THREADING" type="OMP_CALL_IN_REGION" />
    <msg id="2334" name="POINTER_WRONG" severity="critical" category="CAT_POINTER" type="POINTER_WRONG" />
    <msg id="2335" name="POINTER_WRONG_PSBL" severity="critical" category="CAT_POINTER" type="POINTER_WRONG_PSBL" />
    <msg id="2336" name="CONV_INT_PTR" severity="critical" category="CAT_POINTER" type="CONV_INT_PTR" />
    <msg id="2337" name="WRONG_FREE_PSBL" severity="critical" category="CAT_MEMORY" type="WRONG_FREE_PSBL" />
    <msg id="2338" name="INVARIANT_LOOP_COND" severity="error" category="CAT_MISCELLANEOUS" type="INVARIANT_LOOP_COND" />
    <msg id="2339" name="LINK_REDEFINED_ROUTINE" severity="error" category="CAT_DECLARATION" type="LINK_REDEFINED_ROUTINE" />
    <msg id="2344" name="OMP_THREADPRIVATE_DIFF_INIT" severity="error" category="CAT_THREADING" type="OMP_THREADPRIVATE_DIFF_INIT" />
    <msg id="2345" name="OMP_THREADPRIVATE_DIFF_FINAL" severity="error" category="CAT_THREADING" type="OMP_THREADPRIVATE_DIFF_FINAL" />
    <msg id="2346" name="OMP_THREADPRIVATE_DIFF_SCHEDULE" severity="error" category="CAT_THREADING" type="OMP_THREADPRIVATE_DIFF_SCHEDULE" />
    <msg id="2347" name="OMP_THREADPRIVATE_DIFF_CHUNK" severity="error" category="CAT_THREADING" type="OMP_THREADPRIVATE_DIFF_CHUNK" />
    <msg id="2348" name="OMP_THREADPRIVATE_DIFF_THR_NUM" severity="error" category="CAT_THREADING" type="OMP_THREADPRIVATE_DIFF_THR_NUM" />
    <msg id="2350" name="OMP_THREADPRIVATE_DIFF_INDEX" severity="error" category="CAT_THREADING" type="OMP_THREADPRIVATE_DIFF_INDEX" />
    <msg id="2351" name="OMP_THREADPRIVATE_NEED_COPY_IN" severity="error" category="CAT_THREADING" type="OMP_THREADPRIVATE_NEED_COPY_IN" />
    <msg id="2352" name="OMP_THREADPRIVATE_USE_OUTSIDE" severity="error" category="CAT_THREADING" type="OMP_THREADPRIVATE_USE_OUTSIDE" />
    <msg id="2353" name="OMP_THREADPRIVATE_INCORR_COPY_IN" severity="critical" category="CAT_THREADING" type="OMP_THREADPRIVATE_INCORR_COPY_IN" />
    <msg id="2354" name="OMP_WRONG_TYPE_ATOMIC_VAR" severity="critical" category="CAT_THREADING" type="OMP_WRONG_TYPE_ATOMIC_VAR" />
    <msg id="2355" name="OMP_CHUNK_SIZE_NOT_LOOP_INVARIANT" severity="warning" category="CAT_THREADING" type="OMP_CHUNK_SIZE_NOT_LOOP_INVARIANT" />
    <msg id="2356" name="OMP_COPYPRIVATE_NEEDED" severity="error" category="CAT_THREADING" type="OMP_COPYPRIVATE_NEEDED" />
    <msg id="2357" name="OMP_REDUCTION_USE" severity="error" category="CAT_THREADING" type="OMP_REDUCTION_USE" />
    <msg id="2358" name="OMP_PRIVATE_DEFINITION" severity="error" category="CAT_THREADING" type="OMP_PRIVATE_DEFINITION" />
    <msg id="2359" name="OMP_PRIV_ALLOC_NOT_FREE" severity="error" category="CAT_MEMORY" type="OMP_PRIV_ALLOC_NOT_FREE" />
    <msg id="2360" name="OMP_MOD_IN_MASTER" severity="error" category="CAT_THREADING" type="OMP_MOD_IN_MASTER" />
    <msg id="2361" name="OMP_PRIVATE_UNINIT" severity="error" category="CAT_UNINITIALIZED" type="OMP_PRIVATE_UNINIT" />
    <msg id="2362" name="OMP_PRIV_CONSTRUCTOR" severity="error" category="CAT_THREADING" type="OMP_PRIV_CONSTRUCTOR" />
    <msg id="2363" name="OMP_USAGE_AFTER_NOWAIT" severity="error" category="CAT_THREADING" type="OMP_USAGE_AFTER_NOWAIT" />
    <msg id="2365" name="OMP_BARRIER_IN_IF" severity="error" category="CAT_THREADING" type="OMP_BARRIER_IN_IF" />
    <msg id="2366" name="OMP_BARRIER_IN_IF_PSBL" severity="warning" category="CAT_THREADING" type="OMP_BARRIER_IN_IF_PSBL" />
    <msg id="2367" name="CPP_SLICING_NUM" severity="warning" category="CAT_CPLUSPLUS" type="CPP_SLICING_NUM" />
    <msg id="2368" name="CPP_MORE_EFFICIENT_OPERATOR" severity="warning" category="CAT_CPLUSPLUS" type="CPP_MORE_EFFICIENT_OPERATOR" />
    <msg id="2369" name="CPP_BS_MORE_EFFICIENT_OPERATOR" severity="warning" category="CAT_CPLUSPLUS" type="CPP_BS_MORE_EFFICIENT_OPERATOR" />
    <msg id="2370" name="OMP_LASTPRIVATE_INIT" severity="error" category="CAT_THREADING" type="OMP_LASTPRIVATE_INIT" />
    <msg id="2371" name="OMP_REDUCTION_FUNC" severity="error" category="CAT_THREADING" type="OMP_REDUCTION_FUNC" />
    <msg id="2372" name="NOT_WINDOWS_CONSTRUCTION" severity="warning" category="CAT_MISCELLANEOUS" type="NOT_WINDOWS_CONSTRUCTION" />
    <msg id="2373" name="BOUND_BY_POINTER" severity="critical" category="CAT_BUFFER_OVERFLOW" type="BOUND_BY_POINTER" />
    <msg id="2374" name="BOUND_BY_POINTER_PSBL" severity="critical" category="CAT_BUFFER_OVERFLOW" type="BOUND_BY_POINTER_PSBL" />
    <msg id="2375" name="ALLOC_INCONSIST_DEALLOC" severity="critical" category="CAT_MEMORY" type="ALLOC_INCONSIST_DEALLOC" />
    <msg id="2376" name="BOUND_OF_ALLOC_OBJ" severity="critical" category="CAT_BUFFER_OVERFLOW" type="BOUND_OF_ALLOC_OBJ" />
    <msg id="2377" name="BOUND_OF_ALLOC_OBJ_PSBL" severity="critical" category="CAT_BUFFER_OVERFLOW" type="BOUND_OF_ALLOC_OBJ_PSBL" />
    <msg id="2378" name="SIZE_NOT_MULTIPLE" severity="critical" category="CAT_MEMORY" type="SIZE_NOT_MULTIPLE" />
    <msg id="2379" name="SIZE_NOT_MULTIPLE_PSBL" severity="critical" category="CAT_MEMORY" type="SIZE_NOT_MULTIPLE_PSBL" />
    <msg id="2380" name="OMP_PARALLEL_2" severity="warning" category="CAT_THREADING" type="OMP_PARALLEL_2" />
    <msg id="2381" name="USE_AFTER_FREE" severity="critical" category="CAT_MEMORY" type="USE_AFTER_FREE" />
    <msg id="2382" name="USE_AFTER_FREE_PSBL" severity="critical" category="CAT_MEMORY" type="USE_AFTER_FREE_PSBL" />
    <msg id="2383" name="FILE_LEAK" severity="critical" category="CAT_RESOURCE" type="FILE_LEAK" />
    <msg id="2384" name="FILE_LEAK_PSBL" severity="critical" category="CAT_RESOURCE" type="FILE_LEAK_PSBL" />
    <msg id="2385" name="FILE_CLOSE_2" severity="critical" category="CAT_RESOURCE" type="FILE_CLOSE_2" />
    <msg id="2386" name="FILE_CLOSE_2_PSBL" severity="critical" category="CAT_RESOURCE" type="FILE_CLOSE_2_PSBL" />
    <msg id="2387" name="INVALID_FILE_HANDLE" severity="critical" category="CAT_RESOURCE" type="INVALID_FILE_HANDLE" />
    <msg id="2388" name="INVALID_FILE_HANDLE_PSBL" severity="critical" category="CAT_RESOURCE" type="INVALID_FILE_HANDLE_PSBL" />
    <msg id="2389" name="NO_ALLOC_AF_DE_2" severity="critical" category="CAT_MEMORY" type="NO_ALLOC_AF_DE_2" />
    <msg id="2390" name="NO_ALLOC_AF_DE_2_PSBL" severity="critical" category="CAT_MEMORY" type="NO_ALLOC_AF_DE_2_PSBL" />
    <msg id="2391" name="WRONG_FREE_2" severity="critical" category="CAT_MEMORY" type="WRONG_FREE_2" />
    <msg id="2392" name="WRONG_FREE_2_PSBL" severity="critical" category="CAT_MEMORY" type="WRONG_FREE_2_PSBL" />
    <msg id="2393" name="INVALID_FILE_HANDLE_2" severity="critical" category="CAT_RESOURCE" type="INVALID_FILE_HANDLE_2" />
    <msg id="2394" name="INVALID_FILE_HANDLE_2_PSBL" severity="critical" category="CAT_RESOURCE" type="INVALID_FILE_HANDLE_2_PSBL" />
    <msg id="2395" name="OMP_THREADING_PARAMS" severity="critical" category="CAT_THREADING" type="OMP_THREADING_PARAMS" />
    <msg id="2397" name="OMP_DIFFERENT_PARALLEL_KIND" severity="warning" category="CAT_THREADING" type="OMP_DIFFERENT_PARALLEL_KIND" />
    <msg id="2398" name="ZERO_TERMINATE_PSBL" severity="error" category="CAT_STRING" type="ZERO_TERMINATE_PSBL" />
    <msg id="2399" name="POINTER_NOT_NULL_CHECKED" severity="warning" category="CAT_POINTER" type="POINTER_NOT_NULL_CHECKED" />
    <msg id="2400" name="CILK_USAGE_AFTER_NOWAIT" severity="error" category="CAT_THREADING" type="CILK_USAGE_AFTER_NOWAIT" />
    <msg id="2401" name="CILK_POSSIBLE_DEPENDENCE" severity="warning" category="CAT_THREADING" type="CILK_POSSIBLE_DEPENDENCE" />
    <msg id="2402" name="CILK_FLOW_DEPENDENCE" severity="warning" category="CAT_THREADING" type="CILK_FLOW_DEPENDENCE" />
    <msg id="2403" name="SSA_ICE_MSG" severity="critical" category="CAT_MISCELLANEOUS" type="SSA_ICE_MSG" />
    <msg id="2404" name="BOUND_UNKNOWN" severity="critical" category="CAT_BUFFER_OVERFLOW" type="BOUND_UNKNOWN" />
    <msg id="2405" name="BOUND_UNKNOWN_PSBL" severity="critical" category="CAT_BUFFER_OVERFLOW" type="BOUND_UNKNOWN_PSBL" />
    <msg id="2406" name="BOUND_ACT_UNKNOWN" severity="critical" category="CAT_BUFFER_OVERFLOW" type="BOUND_ACT_UNKNOWN" />
    <msg id="2407" name="BOUND_ACT_UNKNOWN_PSBL" severity="critical" category="CAT_BUFFER_OVERFLOW" type="BOUND_ACT_UNKNOWN_PSBL" />
    <msg id="2408" name="BOUND_BY_POINTER_UNKNOWN" severity="critical" category="CAT_BUFFER_OVERFLOW" type="BOUND_BY_POINTER_UNKNOWN" />
    <msg id="2409" name="BOUND_BY_POINTER_UNKNOWN_PSBL" severity="critical" category="CAT_BUFFER_OVERFLOW" type="BOUND_BY_POINTER_UNKNOWN_PSBL" />
    <msg id="2410" name="BOUND_OF_ALLOC_OBJ_UNKNOWN" severity="critical" category="CAT_BUFFER_OVERFLOW" type="BOUND_OF_ALLOC_OBJ_UNKNOWN" />
    <msg id="2411" name="BOUND_OF_ALLOC_OBJ_UNKNOWN_PSBL" severity="critical" category="CAT_BUFFER_OVERFLOW" type="BOUND_OF_ALLOC_OBJ_UNKNOWN_PSBL" />
    <msg id="2412" name="SKIPPED_ENTRY" severity="critical" category="CAT_MISCELLANEOUS" type="SKIPPED_ENTRY" />
    <msg id="2413" name="UNCHECKED_ALLOCATE" severity="critical" category="CAT_POINTER" type="UNCHECKED_ALLOCATE" />
    <msg id="2414" name="PROGRESS_MESSAGE" severity="warning" category="CAT_MISCELLANEOUS" type="PROGRESS_MESSAGE" />
    <msg id="2415" name="SAL_READABLE_SIZE" severity="critical" category="CAT_BUFFER_OVERFLOW" type="SAL_READABLE_SIZE" />
    <msg id="2416" name="SAL_WRITABLE_SIZE" severity="critical" category="CAT_BUFFER_OVERFLOW" type="SAL_WRITABLE_SIZE" />
    <msg id="2417" name="BITFIELD_NOT_SET" severity="critical" category="CAT_UNINITIALIZED" type="BITFIELD_NOT_SET" />
    <msg id="2418" name="BITFIELD_NOT_SET_PSBL" severity="critical" category="CAT_UNINITIALIZED" type="BITFIELD_NOT_SET_PSBL" />
</cs_messages>
